name,datetime,temp,feelslike,dew,humidity,precip,precipprob,preciptype,snow,snowdepth,windgust,windspeed,winddir,sealevelpressure,cloudcover,visibility,solarradiation,solarenergy,uvindex,severerisk,conditions,icon,stations
berlin,2023-11-20T00:00:00,9.6,7.7,8.6,94.06,0.06,100,rain,0,0,27.7,12.9,233,1006.6,100,28.8,0,0,0,,"Rain, Overcast",rain,"00427,07389,03987,00403,E2835,00433,00400"
berlin,2023-11-20T01:00:00,9.7,7.7,8.9,94.31,0.061,100,rain,0,0,23.4,14.1,239,1006.5,100,22.1,0,0,0,,"Rain, Overcast",rain,"00427,07389,03987,00403,E2835,00433,00400"
berlin,2023-11-20T02:00:00,9.5,7.7,8.9,95.82,0.288,100,rain,0,0,23.8,12.2,227,1006.2,100,27.3,0,0,0,,"Rain, Overcast",rain,"00427,07389,03987,00403,E2835,00433,00400"
berlin,2023-11-20T03:00:00,9.3,7.4,8.7,95.87,0.04,100,rain,0,0,22.3,12.1,221,1006.1,100,23.9,0,0,0,,"Rain, Overcast",rain,"00427,07389,03987,00403,E2835,00433,00400"
berlin,2023-11-20T04:00:00,9.3,7.3,8.8,96.47,0.375,100,rain,0,0,22.3,12.9,221,1005.5,100,18,0,0,0,,"Rain, Overcast",rain,"00427,07389,03987,00403,E2835,00433,00400"
berlin,2023-11-20T05:00:00,9.3,7.5,8.9,97.45,0.904,100,rain,0,0,19.4,11.7,217,1005.2,100,20.9,0,0,0,,"Rain, Overcast",rain,"00427,07389,03987,00403,E2835,00433,00400"
berlin,2023-11-20T06:00:00,9.3,7.6,8.8,96.73,1.464,100,rain,0,0,19.1,11.3,217,1004.7,100,16.8,0,0,0,,"Rain, Overcast",rain,"00427,07389,03987,00403,E2835,00433,00400"
berlin,2023-11-20T07:00:00,9.2,8,8.8,96.79,0.307,100,rain,0,0,16.6,8.6,211,1004.6,100,21.5,0,0,0,,"Rain, Overcast",rain,"00427,07389,03987,00403,E2835,00433,00400"
berlin,2023-11-20T08:00:00,9.4,8.3,8.9,96.8,0.187,100,rain,0,0,16.6,7.8,232,1005,100,24.6,7,0,0,,"Rain, Overcast",rain,"00427,07389,03987,00403,E2835,00433,00400"
berlin,2023-11-20T09:00:00,9.5,8.7,9.2,97.73,0.248,100,rain,0,0,14,6.9,212,1005.2,100,9.5,14,0.1,0,,"Rain, Overcast",rain,"00427,07389,03987,00403,E2835,00433,00400"
berlin,2023-11-20T10:00:00,9.9,9.2,9.5,97.58,0.276,100,rain,0,0,13.3,6.6,256,1005.5,99.7,11.4,81,0.3,1,,"Rain, Overcast",rain,"00427,07389,03987,00403,E2835,00433,00400"
berlin,2023-11-20T11:00:00,10,10,9.6,96.95,0.22,100,rain,0,0,14.4,7.9,288,1005.6,99.1,15.2,26,0.1,0,,"Rain, Overcast",rain,"00427,07389,03987,00403,E2835,00433,00400"
berlin,2023-11-20T12:00:00,10.4,10.4,9.7,95.02,0.069,100,rain,0,0,15.5,5.2,296,1005.4,100,27.9,60,0.2,1,,"Rain, Overcast",rain,"00427,07389,03987,00403,E2835,00433,00400"
berlin,2023-11-20T13:00:00,10.5,10.5,9.5,93.92,0.108,100,rain,0,0,13.7,7.5,268,1005.4,98.7,36,95,0.3,1,,"Rain, Overcast",rain,"00427,07389,03987,00403,E2835,00433,00400"
berlin,2023-11-20T14:00:00,10.5,10.5,9.7,94.76,0.019,100,rain,0,0,14,6.4,280,1005.3,100,9.7,79,0.3,1,,"Rain, Overcast",rain,"00427,07389,03987,00403,E2835,00433,00400"
berlin,2023-11-20T15:00:00,10.6,10.6,9.8,94.34,0.008,100,rain,0,0,13.7,6.9,270,1005.2,100,11.1,25,0.1,0,,"Rain, Overcast",rain,"00427,07389,03987,00403,E2835,00433,00400"
berlin,2023-11-20T16:00:00,10.6,10.6,9.8,94.82,0.094,100,rain,0,0,16.9,4.7,259,1005.5,100,33.6,0,0,0,,"Rain, Overcast",rain,"00427,07389,03987,00403,E2835,00433,00400"
berlin,2023-11-20T17:00:00,10.2,10.2,9.7,96.49,0.287,100,rain,0,0,24.5,8.4,281,1005.9,100,24.9,0,0,0,,"Rain, Overcast",rain,"00427,07389,03987,00403,E2835,00433,00400"
berlin,2023-11-20T18:00:00,10,8.9,9.7,98.35,1.087,100,rain,0,0,27.4,8.3,250,1006.2,100,4.5,0,0,0,,"Rain, Overcast",rain,"00427,07389,03987,00403,E2835,00433,00400"
berlin,2023-11-20T19:00:00,9.7,7.9,9.2,96.78,1.937,100,rain,0,0,29.2,12.6,262,1006.5,100,4.3,0,0,0,,"Rain, Overcast",rain,"00427,07389,03987,00403,E2835,00433,00400"
berlin,2023-11-20T20:00:00,9.3,6.6,8.7,95.93,2.199,100,rain,0,0,34.2,18.3,278,1007.1,100,6.7,0,0,0,,"Rain, Overcast",rain,"00427,07389,03987,00403,E2835,00433,00400"
berlin,2023-11-20T21:00:00,8.9,6.6,8,93.87,1.387,100,rain,0,0,35.6,15,278,1007.6,100,12.3,0,0,0,,"Rain, Overcast",rain,"00427,07389,03987,00403,E2835,00433,00400"
berlin,2023-11-20T22:00:00,8.6,5.9,7.8,95.18,0.79,100,rain,0,0,31.7,16.8,271,1007.8,100,7.4,0,0,0,,"Rain, Overcast",rain,"00427,07389,03987,00403,E2835,00433,00400"
berlin,2023-11-20T23:00:00,8.5,6.4,7.8,95.26,0.46,100,rain,0,0,28.4,13,271,1008,100,15.4,0,0,0,,"Rain, Overcast",rain,"00427,07389,03987,00403,E2835,00433,00400"
berlin,2023-11-21T00:00:00,8.2,6.2,7.7,96.63,0.145,100,rain,0,0,27.4,11.7,271,1008.1,100,12.6,0,0,0,,"Rain, Overcast",rain,"00427,07389,03987,00403,E2835,00433,00400"
berlin,2023-11-21T01:00:00,8.1,6.6,7.7,97.45,0.088,100,rain,0,0,13.7,8.7,290,1008.3,100,4.9,0,0,0,,"Rain, Overcast",rain,"00427,07389,03987,00403,E2835,00433,00400"
berlin,2023-11-21T02:00:00,6.4,3.5,6,97.21,0.11,100,rain,0,0,13.7,15.3,19,1009,100,4.9,0,0,0,,"Rain, Overcast",rain,"00427,07389,03987,00403,E2835,00433,00400"
berlin,2023-11-21T03:00:00,5.8,2.7,5.2,95.89,0.21,100,rain,0,0,20.9,15.5,20,1009.6,100,5,0,0,0,,"Rain, Overcast",rain,"00427,07389,03987,00403,E2835,00433,00400"
berlin,2023-11-21T04:00:00,5.4,2.3,4.6,94.91,0.074,100,rain,0,0,26.3,14.7,29,1010.2,99.2,9.2,0,0,0,,"Rain, Overcast",rain,"00427,07389,03987,00403,E2835,00433,00400"
berlin,2023-11-21T05:00:00,5.2,1.9,4,91.8,0.011,100,rain,0,0,25.9,15.6,23,1010.7,99.8,28,0,0,0,,"Rain, Overcast",rain,"00427,07389,03987,00403,E2835,00433,00400"
berlin,2023-11-21T06:00:00,4.9,1.5,3,88.04,0,0,,0,0,22.3,15.6,17,1011.4,97.9,31.9,0,0,0,,Overcast,cloudy,"00427,07389,03987,00403,E2835,00433,00400"
berlin,2023-11-21T07:00:00,4.8,1.3,3,88.35,0,0,,0,0,25.6,16.5,26,1012.1,99.2,32.6,0,0,0,,Overcast,cloudy,"00427,07389,03987,00403,E2835,00433,00400"
berlin,2023-11-21T08:00:00,4.6,1.1,2.5,86.19,0,0,,0,0,25.9,16.2,2,1013,99,36.3,7,0,0,,Overcast,cloudy,"00427,07389,03987,00403,E2835,00433,00400"
berlin,2023-11-21T09:00:00,4.4,0.7,2.1,84.79,0,0,,0,0,26.6,17.6,20,1013.5,98.7,26.7,12,0,0,,Overcast,cloudy,"00427,07389,03987,00403,E2835,00433,00400"
berlin,2023-11-21T10:00:00,4.3,0.9,2,84.9,0,0,,0,0,24.1,15.3,38,1014.1,100,36.6,16,0.1,0,,Overcast,cloudy,"00427,07389,03987,00403,E2835,00433,00400"
berlin,2023-11-21T11:00:00,4.1,0.5,1.9,85.2,0,0,,0,0,25.6,16,25,1014.9,100,38,26,0.1,0,,Overcast,cloudy,"00427,07389,03987,00403,E2835,00433,00400"
berlin,2023-11-21T12:00:00,3.9,0.4,2.1,87.75,0,0,,0,0,27,15,26,1015.4,100,17.8,25,0.1,0,,Overcast,cloudy,"00427,07389,03987,00403,E2835,00433,00400"
berlin,2023-11-21T13:00:00,3.7,-0.1,1.9,88.23,0,0,,0,0,28.4,16.1,23,1016,100,10.2,37,0.1,0,,Overcast,cloudy,"00427,07389,03987,00403,E2835,00433,00400"
berlin,2023-11-21T14:00:00,3.3,-0.6,2.1,91.39,0.041,100,rain,0,0,28.1,16.8,28,1016.8,100,9.1,33,0.1,0,,"Rain, Overcast",rain,"00427,07389,03987,00403,E2835,00433,00400"
berlin,2023-11-21T15:00:00,3.1,-1.2,1.5,89.7,0.063,100,rain,0,0,28.1,18.8,21,1017.5,100,31.6,11,0,0,,"Rain, Overcast",rain,"00427,07389,03987,00403,E2835,00433,00400"
berlin,2023-11-21T16:00:00,2.3,-2.3,0.8,89.94,0.025,100,rain,0,0,29.5,19.8,32,1018.4,100,15.7,0,0,0,,"Rain, Overcast",rain,"00427,07389,03987,00403,E2835,00433,00400"
berlin,2023-11-21T17:00:00,2.1,-2.5,-0.2,84.94,0,0,,0,0,29.5,19.4,30,1019.3,100,24.7,0,0,0,,Overcast,cloudy,"00427,07389,03987,00403,E2835,00433,00400"
berlin,2023-11-21T18:00:00,1.9,-3.1,-1.1,80.76,0,0,,0,0,29.5,22,42,1020.3,100,33.6,0,0,0,,Overcast,cloudy,"00427,07389,03987,00403,E2835,00433,00400"
berlin,2023-11-21T19:00:00,1.8,-2.1,-1.2,80.03,0,0,,0,0,28.4,15.1,40,1021.1,100,39.3,0,0,0,,Overcast,cloudy,"00427,07389,03987,00403,E2835,00433,00400"
berlin,2023-11-21T20:00:00,1.4,-2.7,-1.6,79.96,0,0,,0,0,30.2,15.4,27,1022.3,99,34.3,0,0,0,,Overcast,cloudy,"00427,07389,03987,00403,E2835,00433,00400"
berlin,2023-11-21T21:00:00,1.3,-2.8,-2.2,77.39,0,0,,0,0,26.6,15.4,23,1023.2,84.5,42,0,0,0,,Partially cloudy,partly-cloudy-night,"00427,07389,03987,00403,E2835,00433,00400"
berlin,2023-11-21T22:00:00,0.7,-3,-2.2,80.88,0,0,,0,0,24.8,12.4,20,1024,65.5,36.9,0,0,0,,Partially cloudy,partly-cloudy-night,"00427,07389,03987,00403,E2835,00433,00400"
berlin,2023-11-21T23:00:00,0.3,-3.2,-2.6,81.22,0,0,,0,0,22.3,10.8,13,1024.5,13,41.6,0,0,0,,Clear,clear-night,"00427,07389,03987,00403,E2835,00433,00400"
berlin,2023-11-22T00:00:00,-0.1,-3.9,-2.9,81.22,0,0,,0,0,20.9,12,14,1025.1,0,40.3,0,0,0,,Clear,clear-night,"00427,07389,03987,00403,E2835,00433,00400"
berlin,2023-11-22T01:00:00,0,-3.3,-2.9,80.44,0,0,,0,0,21.2,10.3,21,1025.6,24,43.9,0,0,0,,Partially cloudy,partly-cloudy-night,"00427,07389,03987,00403,E2835,00433,00400"
berlin,2023-11-22T02:00:00,0.1,-3.6,-2.8,80.65,0,0,,0,0,22,11.7,27,1026.2,0,45.4,0,0,0,,Clear,clear-night,"00427,07389,03987,00403,E2835,00433,00400"
berlin,2023-11-22T03:00:00,-0.5,-5.1,-3.3,81.04,0,0,,0,0,22,15.5,51,1026.5,3.9,41,0,0,0,,Clear,clear-night,"00427,07389,03987,00403,E2835,00433,00400"
berlin,2023-11-22T04:00:00,-1,-6,-5.1,73.72,0,0,,0,0,21.2,16.7,59,1027.1,3.8,35.8,0,0,0,,Clear,clear-night,"00427,07389,03987,00403,E2835,00433,00400"
berlin,2023-11-22T05:00:00,-2,-6,-5.2,79.01,0,0,,0,0,20.2,11.1,36,1028,0,36,0,0,0,,Clear,clear-night,"00427,07389,03987,00403,E2835,00433,00400"
berlin,2023-11-22T06:00:00,-2.1,-6.2,-4.8,81.49,0,0,,0,0,18.4,11.6,43,1028.6,0,37.7,0,0,0,,Clear,clear-night,"00427,07389,03987,00403,E2835,00433,00400"
berlin,2023-11-22T07:00:00,-2.6,-6.2,-5.5,80.3,0,0,,0,0,16.6,9.4,53,1029.6,0,39.7,0,0,0,,Clear,clear-night,"00427,07389,03987,00403,E2835,00433,00400"
berlin,2023-11-22T08:00:00,-2.9,-6,-5.7,80.77,0,0,,0,0,16.2,7.6,34,1030.1,3.8,40.5,12,0,0,,Clear,clear-day,"00427,07389,03987,00403,E2835,00433,00400"
berlin,2023-11-22T09:00:00,-1.7,-4.7,-5,78.32,0,0,,0,0,14.8,7.9,41,1030.8,0,47,37,0.1,0,,Clear,clear-day,"00427,07389,03987,00403,E2835,00433,00400"
berlin,2023-11-22T10:00:00,-0.6,-3.9,-5.3,70.73,0,0,,0,0,13.3,9.3,80,1030.5,0,45.2,176,0.6,2,,Clear,clear-day,"00427,07389,03987,00403,E2835,00433,00400"
berlin,2023-11-22T11:00:00,0.4,-2.4,-5.5,64.89,0,0,,0,0,13.3,8.5,96,1030.2,0,40.5,214,0.8,2,,Clear,clear-day,"00427,07389,03987,00403,E2835,00433,00400"
berlin,2023-11-22T12:00:00,1.1,1.1,-5.4,61.56,0,0,,0,0,13,4.6,64,1030.6,13,40,304,1.1,3,,Clear,clear-day,"00427,07389,03987,00403,E2835,00433,00400"
berlin,2023-11-22T13:00:00,2.1,0.6,-5.5,57.35,0,0,,0,0,8.6,5.6,146,1030.1,22.8,50,316,1.1,3,,Partially cloudy,partly-cloudy-day,"00427,07389,03987,00403,E2835,00433,00400"
berlin,2023-11-22T14:00:00,1.9,-0.4,-5.1,59.9,0,0,,0,0,11.9,7.6,180,1029.4,83.8,25,142,0.5,1,,Partially cloudy,partly-cloudy-day,"00427,07389,03987,00403,E2835,00433,00400"
berlin,2023-11-22T15:00:00,1.4,-0.4,-4.9,62.91,0,0,,0,0,13.7,6,168,1029.1,100,30,56,0.2,1,,Overcast,cloudy,"00427,07389,03987,00403,E2835,00433,00400"
berlin,2023-11-22T16:00:00,0.9,-1.1,-4.6,66.85,0,0,,0,0,13.7,6.4,203,1029.2,100,31.7,0,0,0,,Overcast,cloudy,"00427,07389,03987,00403,E2835,00433,00400"
berlin,2023-11-22T17:00:00,0.6,-1.7,-4.3,69.42,0,0,,0,0,11.9,6.9,223,1028.9,100,43.3,0,0,0,,Overcast,cloudy,"00427,07389,03987,00403,E2835,00433,00400"
berlin,2023-11-22T18:00:00,0.4,-2.5,-4.1,71.4,0,0,,0,0,16.2,9.1,211,1028.4,100,40.6,0,0,0,,Overcast,cloudy,"00427,07389,03987,00403,E2835,00433,00400"
berlin,2023-11-22T19:00:00,0.2,-3.7,-3.9,73.43,0,0,,0,0,22,13,199,1027.5,100,40.3,0,0,0,,Overcast,cloudy,"00427,07389,03987,00403,E2835,00433,00400"
berlin,2023-11-22T20:00:00,-0.2,-4.3,-3.4,79.06,0,0,,0,0,26.3,13.2,207,1026.5,100,36.8,0,0,0,,Overcast,cloudy,"00427,07389,03987,00403,E2835,00433,00400"
berlin,2023-11-22T21:00:00,-0.5,-4.6,-2.9,83.82,0,0,,0,0,27.4,12.9,204,1025.5,100,24.2,0,0,0,,Overcast,cloudy,"00427,07389,03987,00403,E2835,00433,00400"
berlin,2023-11-22T22:00:00,-0.5,-4.6,-3,83.2,0,0,,0,0,28.1,13.3,220,1024.8,100,23.1,0,0,0,,Overcast,cloudy,"00427,07389,03987,00403,E2835,00433,00400"
berlin,2023-11-22T23:00:00,-0.3,-5.2,-3,82.42,0,0,,0,0,29.2,17.5,217,1023.4,100,24.8,0,0,0,,Overcast,cloudy,"00427,07389,03987,00403,E2835,00433,00400"
berlin,2023-11-23T00:00:00,0.2,-4.4,-2.9,79.33,0,0,,0,0,29.9,16.5,211,1022,100,27.3,0,0,0,,Overcast,cloudy,"00427,07389,03987,00403,E2835,00433,00400"
berlin,2023-11-23T01:00:00,0.8,-4.1,-2.9,76.26,0,0,,0.1,0,32,18.7,217,1020.7,100,39.1,0,0,0,,Overcast,snow,"00427,07389,03987,00403,E2835,00433,00400"
berlin,2023-11-23T02:00:00,1.5,-3.4,-2.6,74.31,0,0,,0,0,34.6,20.3,216,1019,100,40,0,0,0,,Overcast,cloudy,"00427,07389,03987,00403,E2835,00433,00400"
berlin,2023-11-23T03:00:00,2.4,-2.4,-2.2,71.73,0,0,,0,0,37.8,21.9,220,1018.1,100,35,0,0,0,,Overcast,cloudy,"00427,07389,03987,00403,E2835,00433,00400"
berlin,2023-11-23T04:00:00,3,-1.5,-1.4,72.71,0,0,,0,0,36.7,20.5,230,1017.3,96.5,40,0,0,0,,Overcast,cloudy,"00427,07389,03987,00403,E2835,00433,00400"
berlin,2023-11-23T05:00:00,3.9,-0.1,-0.1,75.11,0,0,,0,0,41.8,18.9,230,1016.4,92.6,40,0,0,0,,Overcast,cloudy,"00427,07389,03987,00403,E2835,00433,00400"
berlin,2023-11-23T06:00:00,4.9,0.9,1.3,77.4,0,0,,0,0,41.8,20.5,231,1015.8,94.1,41,0,0,0,,Overcast,cloudy,"00427,07389,03987,00403,E2835,00433,00400"
berlin,2023-11-23T07:00:00,5.9,2.2,2.9,81.3,0,0,,0,0,42.1,19.6,242,1015.4,98.5,42.8,0,0,0,,Overcast,cloudy,"00427,07389,03987,00403,E2835,00433,00400"
berlin,2023-11-23T08:00:00,6.2,2.3,4.4,88.11,0,0,,0,0,42.5,22.4,237,1014.6,100,13.1,7,0,0,,Overcast,cloudy,"00427,07389,03987,00403,E2835,00433,00400"
berlin,2023-11-23T09:00:00,6.4,2.4,4.8,89.21,0,0,,0,0,42.1,25.2,234,1013.7,95.6,18.6,19,0.1,0,,Overcast,cloudy,"00427,07389,03987,00403,E2835,00433,00400"
berlin,2023-11-23T10:00:00,7,3.1,5.4,89.32,0,0,,0,0,42.1,25,234,1012.9,100,22.9,30,0.1,0,,Overcast,cloudy,"00427,07389,03987,00403,E2835,00433,00400"
berlin,2023-11-23T11:00:00,7.3,3.5,5.3,86.87,0,0,,0,0,46.4,25.4,240,1012,88.8,31.9,40,0.1,0,,Partially cloudy,partly-cloudy-day,"00427,07389,03987,00403,E2835,00433,00400"
berlin,2023-11-23T12:00:00,7.6,3.7,6.4,91.92,0.002,100,rain,0,0,46.8,27.6,240,1010.6,100,4.9,42,0.2,0,,"Rain, Overcast",rain,"00427,07389,03987,00403,E2835,00433,00400"
berlin,2023-11-23T13:00:00,8.1,4.3,7.1,93.57,0.025,100,rain,0,0,40.7,27.2,240,1009.7,100,11.9,19,0.1,0,,"Rain, Overcast",rain,"00427,07389,03987,00403,E2835,00433,00400"
berlin,2023-11-23T14:00:00,9.3,6.1,8,91.72,0.001,100,rain,0,0,43.9,24.8,259,1008.6,100,17.3,16,0.1,0,,"Rain, Overcast",rain,"00427,07389,03987,00403,E2835,00433,00400"
berlin,2023-11-23T15:00:00,10.2,10.2,8.2,87.56,0,0,,0,0,59.8,32.5,265,1007.4,100,29.8,12,0,0,,Overcast,cloudy,"00427,07389,03987,00403,E2835,00433,00400"
berlin,2023-11-23T16:00:00,10.3,10.3,8.6,89.3,0,0,,0,0,59.8,34.6,260,1006.5,100,6.9,0,0,0,,Overcast,cloudy,"00427,07389,03987,00403,E2835,00433,00400"
berlin,2023-11-23T17:00:00,10.5,10.5,8.4,86.55,0,0,,0,0,61.9,31.3,249,1004.7,100,39.6,0,0,0,,Overcast,cloudy,"00427,07389,03987,00403,E2835,00433,00400"
berlin,2023-11-23T18:00:00,11.1,11.1,8.3,82.98,0.045,100,rain,0,0,66.2,36.8,244,1003.2,100,40.4,0,0,0,,"Rain, Overcast",rain,"00427,07389,03987,00403,E2835,00433,00400"
berlin,2023-11-23T19:00:00,11.1,11.1,8.8,85.53,0.039,100,rain,0,0,63.4,33.1,251,1001.9,100,30.8,0,0,0,,"Rain, Overcast",rain,"00427,07389,03987,00403,E2835,00433,00400"
berlin,2023-11-23T20:00:00,10.6,10.6,9.5,92.82,0.594,100,rain,0,0,68,32.2,259,1000.9,100,11.1,0,0,0,,"Rain, Overcast",rain,"00427,07389,03987,00403,E2835,00433,00400"
berlin,2023-11-23T21:00:00,9.6,5.6,8.5,92.53,1.905,100,rain,0,0,69.8,37.6,295,1001.2,100,15.4,0,0,0,,"Rain, Overcast",rain,"00427,07389,03987,00403,E2835,00433,00400"
berlin,2023-11-23T22:00:00,8.3,4,6.4,87.7,0.569,100,rain,0,0,60.5,34.7,303,1001.6,99,33.8,0,0,0,,"Rain, Overcast",rain,"00427,07389,03987,00403,E2835,00433,00400"
berlin,2023-11-23T23:00:00,8,4,5.3,83.17,0.167,100,rain,0,0,52.2,29.8,283,1001.3,96.1,41.2,0,0,0,,"Rain, Overcast",rain,"00427,07389,03987,00403,E2835,00433,00400"
berlin,2023-11-24T00:00:00,7.6,3.3,4,78.12,0,0,,0,0,54.4,32.7,290,1001.2,100,38.2,0,0,0,,Overcast,cloudy,"00427,07389,03987,00403,E2835,00433,00400"
berlin,2023-11-24T01:00:00,7.4,2.7,3.4,75.57,0.323,100,rain,0,0,51.8,36.6,283,1001,91.2,39.1,0,0,0,,"Rain, Overcast",rain,"00427,07389,03987,00403,E2835,00433,00400"
berlin,2023-11-24T02:00:00,6.9,2.1,2.8,75.17,0,0,,0,0,53.6,35.7,296,1001.3,65.1,37.8,0,0,0,,Partially cloudy,partly-cloudy-night,"00427,07389,03987,00403,E2835,00433,00400"
berlin,2023-11-24T03:00:00,6.4,2,2.6,76.76,0.031,100,rain,0,0,51.5,28.6,290,1001.2,78.3,22.2,0,0,0,,"Rain, Partially cloudy",rain,"00427,07389,03987,00403,E2835,00433,00400"
berlin,2023-11-24T04:00:00,3.9,-0.6,2.1,88.03,1.014,100,rain,0,0,51.5,22.7,290,1001.3,13,39.8,0,0,0,,Rain,rain,"00427,07389,03987,00403,E2835,00433,00400"
berlin,2023-11-24T05:00:00,4.7,0.6,2.2,83.69,0,0,,0,0,51.5,21.5,273,1001,61.4,36.1,0,0,0,,Partially cloudy,partly-cloudy-night,"00427,07389,03987,00403,E2835,00433,00400"
berlin,2023-11-24T06:00:00,4.8,-0.3,2.3,83.87,0.26,100,rain,0,0,50.8,31.8,283,1000.6,80,15.3,0,0,0,,"Rain, Partially cloudy",rain,"00427,07389,03987,00403,E2835,00433,00400"
berlin,2023-11-24T07:00:00,4.3,-0.4,1.6,82.73,0.063,100,rain,0,0,52.2,25.5,288,1000.4,98.7,46.5,0,0,0,,"Rain, Overcast",rain,"00427,07389,03987,00403,E2835,00433,00400"
berlin,2023-11-24T08:00:00,4.5,0.2,1.3,79.36,0,0,,0,0,53.3,22.4,279,1000.2,88.6,46.9,5,0,0,,Partially cloudy,partly-cloudy-day,"00427,07389,03987,00403,E2835,00433,00400"
berlin,2023-11-24T09:00:00,4.4,-0.8,0.7,77,0,0,,0,0,51.1,31.4,289,1000,58.3,43.2,47,0.2,0,,Partially cloudy,partly-cloudy-day,"00427,07389,03987,00403,E2835,00433,00400"
berlin,2023-11-24T10:00:00,4.6,-0.3,0.8,76.89,0,0,,0,0,47.5,27.4,286,999.9,61.6,45,76,0.3,1,,Partially cloudy,partly-cloudy-day,"00427,07389,03987,00403,E2835,00433,00400"
berlin,2023-11-24T11:00:00,4.8,-0.2,0.7,74.87,0,0,,0,0,48.2,29.6,280,999.4,80,43,139,0.5,1,,Partially cloudy,partly-cloudy-day,"00427,07389,03987,00403,E2835,00433,00400"
berlin,2023-11-24T12:00:00,4.9,0.2,0.3,72.26,0,0,,0,0,46.8,27.4,286,998.5,97.5,50,128,0.5,1,,Overcast,cloudy,"00427,07389,03987,00403,E2835,00433,00400"
berlin,2023-11-24T13:00:00,5.5,0.8,0.3,69.52,0,0,,0,0,40.3,28.9,286,997.8,65.6,50,301,1.1,3,,Partially cloudy,partly-cloudy-day,"00427,07389,03987,00403,E2835,00433,00400"
berlin,2023-11-24T14:00:00,5.5,1.3,0.4,69.69,0,0,,0,0,47.9,23.6,271,996.9,86.6,47.9,172,0.6,2,,Partially cloudy,partly-cloudy-day,"00427,07389,03987,00403,E2835,00433,00400"
berlin,2023-11-24T15:00:00,4.6,-0.2,1,77.55,0,0,,0,0,49.3,27.5,273,996.4,98.9,43.6,21,0.1,0,,Overcast,cloudy,"00427,07389,03987,00403,E2835,00433,00400"
berlin,2023-11-24T16:00:00,4.2,-0.5,0.9,79.21,0,0,,0,0,43.9,25.4,263,995.9,100,45,5,0,0,,Overcast,cloudy,"00427,07389,03987,00403,E2835,00433,00400"
berlin,2023-11-24T17:00:00,4.2,-0.3,0.5,76.94,0,0,,0,0,41.8,23.6,263,995.6,100,50,0,0,0,,Overcast,cloudy,"00427,07389,03987,00403,E2835,00433,00400"
berlin,2023-11-24T18:00:00,3.9,-0.9,0.3,76.94,0,0,,0,0,40.3,25.6,272,995.5,100,50,0,0,0,,Overcast,cloudy,"00427,07389,03987,00403,E2835,00433,00400"
berlin,2023-11-24T19:00:00,3.3,-1.3,0.5,81.64,0.058,100,rain,0,0,33.5,22.3,270,995.4,100,50,0,0,0,,"Rain, Overcast",rain,"00427,07389,03987,00403,E2835,00433,00400"
berlin,2023-11-24T20:00:00,3.4,-1,0.6,81.82,0.031,100,rain,0,0,33.8,21.1,270,995,100,50,0,0,0,,"Rain, Overcast",rain,"00427,07389,03987,00403,E2835,00433,00400"
berlin,2023-11-24T21:00:00,2.9,-2.1,0.8,85.82,0.067,100,rain,0,0,33.5,25.2,280,995.2,100,25.4,0,0,0,,"Rain, Overcast",rain,"00427,07389,03987,00403,E2835,00433,00400"
berlin,2023-11-24T22:00:00,0.6,-3.6,0.2,97,1.735,100,"rain,snow",0,0,30.2,14.5,17,996.4,100,3.2,0,0,0,,"Snow, Rain, Overcast",rain,"00427,07389,03987,00403,E2835,00433,00400"
berlin,2023-11-24T23:00:00,0.7,-3.4,0.2,96.23,0.454,100,"rain,snow",0,0,33.1,14.7,319,997.4,91.5,40,0,0,0,,"Snow, Rain, Overcast",rain,"00427,07389,03987,00403,E2835,00433,00400"
berlin,2023-11-25T00:00:00,0.8,-4.2,-0.2,92.76,0,0,,0,0,33.1,20.2,310,998.5,66.4,40,0,0,0,,Partially cloudy,partly-cloudy-night,"00427,07389,03987,00403,E2835,00433,00400"
berlin,2023-11-25T01:00:00,0.7,-4.6,-0.6,90.93,0,0,,0,0,30.6,21.7,310,999.7,0,45,0,0,0,,Clear,clear-night,"00427,07389,03987,00403,E2835,00433,00400"
berlin,2023-11-25T02:00:00,0.6,-4.6,-0.7,90.98,0,0,,0,0,35.3,20.6,309,1000.7,3.8,45,0,0,0,,Clear,clear-night,"00427,07389,03987,00403,E2835,00433,00400"
berlin,2023-11-25T03:00:00,0.8,-4.3,-1,87.72,0,0,,0,0,34.9,20.9,297,1001.5,76,45,0,0,0,,Partially cloudy,partly-cloudy-night,"00427,07389,03987,00403,E2835,00433,00400"
berlin,2023-11-25T04:00:00,1.1,-4.2,-0.9,86.78,0,0,,0,0,33.5,22.6,291,1001.8,83.6,44.5,0,0,0,,Partially cloudy,partly-cloudy-night,"00427,07389,03987,00403,E2835,00433,00400"
berlin,2023-11-25T05:00:00,1,-3.6,-0.3,91.2,0.003,100,"rain,snow",0,0,33.1,17.7,287,1002.4,85.9,44.5,0,0,0,,"Snow, Rain, Partially cloudy",rain,"00427,07389,03987,00403,E2835,00433,00400"
berlin,2023-11-25T06:00:00,1.1,-3.7,-0.1,91.69,0.001,100,"rain,snow",0,0,34.6,19.1,280,1002.9,84.5,47.5,0,0,0,,"Snow, Rain, Partially cloudy",rain,"00427,07389,03987,00403,E2835,00433,00400"
berlin,2023-11-25T07:00:00,0.9,-4,-0.5,90.44,0,0,,0,0,32,19.4,279,1003.5,87.2,39.3,0,0,0,,Partially cloudy,partly-cloudy-night,"00427,07389,03987,00403,E2835,00433,00400"
berlin,2023-11-25T08:00:00,0.5,-4.3,-0.9,90.05,0,0,,0,0,31.3,18.2,273,1003.8,0,42.8,7,0,0,,Clear,clear-day,"00427,07389,03987,00403,E2835,00433,00400"
berlin,2023-11-25T09:00:00,0.6,-4.3,-1.1,88.57,0,0,,0,0,27,18.7,279,1003.9,56,40.9,33,0.1,0,,Partially cloudy,partly-cloudy-day,"00427,07389,03987,00403,E2835,00433,00400"
berlin,2023-11-25T10:00:00,1.2,-2.8,-1.1,84.48,0,0,,0,0,23.4,14.2,260,1004.1,68.1,42.8,90,0.3,1,,Partially cloudy,partly-cloudy-day,"00427,07389,03987,00403,E2835,00433,00400"
berlin,2023-11-25T11:00:00,1.7,-1.2,-0.7,84.1,0,0,,0,0,20.9,10,266,1004.1,79.3,42,86,0.3,1,,Partially cloudy,partly-cloudy-day,"00427,07389,03987,00403,E2835,00433,00400"
berlin,2023-11-25T12:00:00,2.4,-0.7,0.3,86.35,0.014,100,rain,0,0,22,10.9,258,1003.5,88.8,35.2,76,0.3,1,,"Rain, Partially cloudy",rain,"00427,07389,03987,00403,E2835,00433,00400"
berlin,2023-11-25T13:00:00,2.3,-1.3,0.7,89.53,0.088,100,rain,0,0,24.5,13.5,261,1003.4,100,23.7,91,0.3,1,,"Rain, Overcast",rain,"00427,07389,03987,00403,E2835,00433,00400"
berlin,2023-11-25T14:00:00,1.5,-1.5,0.7,93.88,0.171,100,"rain,snow",0,0,23.4,10.2,255,1003.4,100,6.5,58,0.2,1,,"Snow, Rain, Overcast",rain,"00427,07389,03987,00403,E2835,00433,00400"
berlin,2023-11-25T15:00:00,1.5,-2.1,0.7,94.33,0.022,100,"rain,snow",0,0,20.2,12.6,304,1003.3,94.3,24.9,23,0.1,0,,"Snow, Rain, Overcast",rain,"00427,07389,03987,00403,E2835,00433,00400"
berlin,2023-11-25T16:00:00,1.3,-3,0.5,94.43,0,0,,0,0,19.1,16.4,325,1003.9,83,16,0,0,0,,Partially cloudy,partly-cloudy-day,"00427,07389,03987,00403,E2835,00433,00400"
berlin,2023-11-25T17:00:00,1.5,-2.3,0.5,93.15,0,0,,0,0,21.6,13.6,308,1004.2,99.9,29,0,0,0,,Overcast,cloudy,"00427,07389,03987,00403,E2835,00433,00400"
berlin,2023-11-25T18:00:00,1.5,-2.9,0.3,92.14,0,0,,0,0,20.9,16.7,321,1004.9,99.3,31,0,0,0,,Overcast,cloudy,"00427,07389,03987,00403,E2835,00433,00400"
berlin,2023-11-25T19:00:00,1.7,-2.4,0.4,91.62,0.009,100,"rain,snow",0,0,25.6,15.4,317,1005.8,81.6,30.8,0,0,0,,"Snow, Rain, Partially cloudy",rain,"00427,07389,03987,00403,E2835,00433,00400"
berlin,2023-11-25T20:00:00,1.4,-3.3,-0.5,86.89,0.012,100,"rain,snow",0,0,28.4,18.9,342,1006.7,88.5,30.3,0,0,0,,"Snow, Rain, Partially cloudy",rain,"00427,07389,03987,00403,E2835,00433,00400"
berlin,2023-11-25T21:00:00,0.3,-3.7,-2.3,82.78,0.011,100,"rain,snow",0,0,29.2,13.2,321,1007.5,13,29.6,0,0,0,,"Snow, Rain",rain,"00427,07389,03987,00403,E2835,00433,00400"
berlin,2023-11-25T22:00:00,0.5,-3.7,-1.5,86.36,0,0,,0,0,25.6,14.4,316,1008.3,49.2,31.3,0,0,0,,Partially cloudy,partly-cloudy-night,"00427,07389,03987,00403,E2835,00433,00400"
berlin,2023-11-25T23:00:00,0.7,-3.9,-1.9,83.1,0,0,,0,0,21.2,17,319,1008.8,80.9,30,0,0,0,,Partially cloudy,partly-cloudy-night,"00427,07389,03987,00403,E2835,00433,00400"
berlin,2023-11-26T00:00:00,0.5,-3.9,-3.1,76.7,0,0,,0,0,22.3,15.6,316,1009.2,37.8,40,0,0,0,,Partially cloudy,partly-cloudy-night,"00427,07389,03987,00403,E2835,00433,00400"
berlin,2023-11-26T01:00:00,0,-3.9,-3.3,77.94,0.008,100,"rain,snow",0,0,19.4,12.7,317,1009.6,91.6,37.5,0,0,0,,"Snow, Rain, Overcast",rain,"00427,07389,03987,00403,E2835,00433,00400"
berlin,2023-11-26T02:00:00,0,-3.9,-3.3,78.23,0,0,,0,0,19.1,12.6,316,1010.1,87.8,29.2,0,0,0,,Partially cloudy,partly-cloudy-night,"00427,07389,03987,00403,E2835,00433,00400"
berlin,2023-11-26T03:00:00,-0.3,-4.3,-4,75.69,0,0,,0,0,18.7,12.8,322,1010.4,68.6,50,0,0,0,,Partially cloudy,partly-cloudy-night,"00427,07389,03987,00403,E2835,00433,00400"
berlin,2023-11-26T04:00:00,-0.4,-4,-4.2,75.21,0,0,,0,0,18.7,11,316,1010.9,68.1,50,0,0,0,,Partially cloudy,partly-cloudy-night,"00427,07389,03987,00403,E2835,00433,00400"
berlin,2023-11-26T05:00:00,-0.6,-4,-3.5,81.09,0,0,,0,0,17.6,9.9,317,1011.2,70.7,49.8,0,0,0,,Partially cloudy,partly-cloudy-night,"00427,07389,03987,00403,E2835,00433,00400"
berlin,2023-11-26T06:00:00,-0.6,-3.4,-3.1,83.18,0,0,,0,0,15.8,7.8,301,1011.6,74.4,48.7,0,0,0,,Partially cloudy,partly-cloudy-night,"00427,07389,03987,00403,E2835,00433,00400"
berlin,2023-11-26T07:00:00,-0.6,-3.6,-2.6,86.23,0,0,,0,0,16.6,8.6,283,1011.9,61.6,48,0,0,0,,Partially cloudy,partly-cloudy-night,"00427,07389,03987,00403,E2835,00433,00400"
berlin,2023-11-26T08:00:00,-0.4,-4.3,-2.1,88.12,0,0,,0,0,17.6,12.1,295,1012.4,28.2,30,7,0,0,,Partially cloudy,partly-cloudy-day,"00427,07389,03987,00403,E2835,00433,00400"
berlin,2023-11-26T09:00:00,-0.9,-4.7,-2.6,88.57,0,0,,0,0,14.8,11.3,290,1012.9,13,30.4,47,0.2,0,,Clear,clear-day,"00427,07389,03987,00403,E2835,00433,00400"
berlin,2023-11-26T10:00:00,-0.4,-4.7,-3.1,81.9,0,0,,0,0,18,14.1,289,1013.1,0,50,167,0.6,2,,Clear,clear-day,"00427,07389,03987,00403,E2835,00433,00400"
berlin,2023-11-26T11:00:00,0.5,-3.4,-3.7,73.13,0,0,,0,0,22.3,13.6,293,1013.3,13,50,262,0.9,3,,Clear,clear-day,"00427,07389,03987,00403,E2835,00433,00400"
berlin,2023-11-26T12:00:00,1,-3.2,-4.1,68.85,0,0,,0,0,23,15,303,1013.3,13,50,345,1.2,3,,Clear,clear-day,"00427,07389,03987,00403,E2835,00433,00400"
berlin,2023-11-26T13:00:00,0.7,-3.8,-4.3,69.21,0,0,,0,0,20.2,16.3,321,1013.2,99.3,50,125,0.5,1,,Overcast,cloudy,"00427,07389,03987,00403,E2835,00433,00400"
berlin,2023-11-26T14:00:00,1,-2.2,-4.1,68.55,0,0,,0,0,20.5,10.5,319,1013,89,30,116,0.4,1,,Partially cloudy,partly-cloudy-day,"00427,07389,03987,00403,E2835,00433,00400"
berlin,2023-11-26T15:00:00,0.7,-1.8,-4,70.61,0,0,,0,0,19.8,7.9,267,1012.6,97.2,50,40,0.1,0,,Overcast,cloudy,"00427,07389,03987,00403,E2835,00433,00400"
berlin,2023-11-26T16:00:00,0.2,-2.1,-3.7,74.93,0,0,,0,0,19.1,7,266,1012.7,91.1,45,0,0,0,,Overcast,cloudy,"00427,07389,03987,00403,E2835,00433,00400"
berlin,2023-11-26T17:00:00,-0.1,-1.9,-3.3,78.84,0,0,,0,0,13.3,5.4,228,1012.4,90.7,50,0,0,0,,Overcast,cloudy,"00427,07389,03987,00403,E2835,00433,00400"
berlin,2023-11-26T18:00:00,-1.4,-1.4,-3.5,85.02,0,0,,0,0,8.6,2.9,320,1012.4,89.3,49.6,0,0,0,,Partially cloudy,partly-cloudy-night,"00427,07389,03987,00403,E2835,00433,00400"
berlin,2023-11-26T19:00:00,-0.3,-2.1,-2.6,84.27,0,0,,0,0,4,5.5,230,1012.2,97.8,43,0,0,0,,Overcast,cloudy,"00427,07389,03987,00403,E2835,00433,00400"
berlin,2023-11-26T20:00:00,-1.1,-1.1,-2.6,89.54,0,0,,0,0,4.7,2.2,210,1012.1,93.3,40.2,0,0,0,,Overcast,cloudy,"00427,07389,03987,00403,E2835,00433,00400"
berlin,2023-11-26T21:00:00,-0.5,-2.6,-2.1,88.93,0,0,,0,0,4.7,6.2,269,1012,98.8,39.5,0,0,0,,Overcast,cloudy,"00427,07389,03987,00403,E2835,00433,00400"
berlin,2023-11-26T22:00:00,-0.5,-2.5,-1.8,91.02,0,0,,0,0,3.2,5.8,268,1011.6,100,40.4,0,0,0,,Overcast,cloudy,"00427,07389,03987,00403,E2835,00433,00400"
berlin,2023-11-26T23:00:00,-1,-1,-2.1,92.45,0,0,,0,0,3.6,3.2,198,1011.4,100,28.8,0,0,0,,Overcast,cloudy,"00427,07389,03987,00403,E2835,00433,00400"
berlin,2023-11-27T00:00:00,-1.3,-3.3,-2,94.83,0,0,,0,0,3.6,5.5,210,1011.3,94.2,22,0,0,0,,Overcast,cloudy,"00427,07389,03987,00403,E2835,00433,00400"
berlin,2023-11-27T01:00:00,-2,-4.1,-3,92.86,0,0,,0,0,4,5.4,120,1010,80.3,10,0,0,0,,Partially cloudy,partly-cloudy-night,"EDDB,E2835"
berlin,2023-11-27T02:00:00,-2,-2,-2,100,0,0,,0,0,5,1.8,160.9,1010,97.3,10,0,0,0,,Overcast,cloudy,"EDDB,E2835"
berlin,2023-11-27T03:00:00,-2,-2,-3,92.86,0,0,,0,0,5,3.6,120,1010,93.8,10,0,0,0,,Overcast,cloudy,"EDDB,E2835"
berlin,2023-11-27T04:00:00,-2,-2,-2,100,0,0,,0,0,5.8,3.6,110,1009,96.7,10,0,0,0,,Overcast,cloudy,"EDDB,E2835"
berlin,2023-11-27T05:00:00,-2,-4.1,-3,92.86,0,0,,0,0,6.5,5.4,80,1009,25,10,0,0,0,,Partially cloudy,partly-cloudy-night,"EDDB,E2835"
berlin,2023-11-27T06:00:00,-2,-5,-3,92.86,0,0,,0,0,6.5,7.6,80,1009,25,10,0,0,0,,Partially cloudy,partly-cloudy-night,"EDDB,E2835"
berlin,2023-11-27T07:00:00,-1,-3,-2,92.92,0.1,100,"rain,snow",0.1,0,10.1,5.4,90,1008,100,10,0,0,0,,"Snow, Rain, Overcast",snow,"EDDB,E2835"
berlin,2023-11-27T08:00:00,-1,-3.8,-2,92.92,0,0,,0,0,11.9,7.6,120,1008,100,10,5,0,0,,Overcast,cloudy,"EDDB,E2835"
berlin,2023-11-27T09:00:00,0,-3.6,-2,86.39,0,0,,0,0,13,11.2,110,1008,100,10,35,0.1,0,,Overcast,cloudy,"EDDB,E2835"
berlin,2023-11-27T10:00:00,0,-3.6,-1,92.97,0,0,,0,0,14,11.2,110,1007,100,10,39,0.1,0,,Overcast,cloudy,"EDDB,E2835"
berlin,2023-11-27T11:00:00,1,-2.4,-1,86.49,0,0,,0,0,14.8,11.2,110,1007,100,10,67,0.2,1,,Overcast,cloudy,"EDDB,E2835"
berlin,2023-11-27T12:00:00,2,-0.8,0,86.6,0,0,,0,0,17.3,9.4,110,1006,100,10,76,0.3,1,,Overcast,cloudy,"EDDB,E2835"
berlin,2023-11-27T13:00:00,2,-2,0,86.6,0,0,,0,0,20.2,14.8,100,1005,100,10,30,0.1,0,,Overcast,cloudy,"EDDB,E2835"
berlin,2023-11-27T14:00:00,1,-2.4,0,93.03,0,0,,0,0,21.6,11.2,90,1004,100,10,35,0.1,0,,Overcast,cloudy,"EDDB,E2835"
berlin,2023-11-27T15:00:00,1,-3.2,-1,86.49,0,0,,0,0,24.1,14.8,80,1004,100,10,25,0.1,0,,Overcast,cloudy,"EDDB,E2835"
berlin,2023-11-27T16:00:00,1,-3.8,-1,86.49,0.1,100,"rain,snow",0,0,27.4,18.4,90,1003,88,5,0,0,0,,"Snow, Rain, Partially cloudy",rain,"EDDB,E2835"
berlin,2023-11-27T17:00:00,0,-5.4,-2,86.39,0.2,100,"rain,snow",0,0,28.1,20.5,90,1002,100,10,0,0,0,,"Snow, Rain, Overcast",snow,"EDDB,E2835"
berlin,2023-11-27T18:00:00,0,-5.4,-2,86.39,0.3,100,"rain,snow",0.2,0.2,28.8,20.5,80,1001,100,10,0,0,0,,"Snow, Rain, Overcast",snow,"EDDB,E2835"
berlin,2023-11-27T19:00:00,1,-4.3,-3,74.63,0.4,100,"rain,snow",0.3,0.4,31,22.3,90,1001,100,10,0,0,0,,"Snow, Rain, Overcast",snow,"EDDB,E2835"
berlin,2023-11-27T20:00:00,0,-5,-2,86.39,0,0,,0,0.7,32.8,18.4,90,1000,88,5,0,0,0,,Partially cloudy,partly-cloudy-night,"EDDB,E2835"
berlin,2023-11-27T21:00:00,0,-5.4,-2,86.39,0.5,100,"rain,snow",0.3,1,33.8,20.5,80,1000,88,5,0,0,0,,"Snow, Rain, Partially cloudy",snow,"EDDB,E2835"
berlin,2023-11-27T22:00:00,-1,-6.9,-2,92.92,0.4,100,"rain,snow",0.3,1.3,34.6,22.3,80,999,88,5,0,0,0,,"Snow, Rain, Partially cloudy",snow,"EDDB,E2835"
berlin,2023-11-27T23:00:00,-1,-7.4,-2,92.92,0.3,100,"rain,snow",0.2,1.5,35.6,25.9,80,998,88,5,0,0,0,,"Snow, Rain, Partially cloudy",snow,"EDDB,E2835"
